No,Rank,SEO Title,Url,Root Domain,Est. Visits,Social Shares,Domain Authority
1,1,Full Stack Developer Training in Chennai - Besant Technologies,http://www.besanttechnologies.com/full-stack-developer-training-in-chennai,besanttechnologies.com,-1,0,69
2,2,Full Stack Training Course in Chennai | Full Stack Developer Training,http://www.softlogicsys.in/full-stack-developer-training-in-chennai/,softlogicsys.in,-1,0,20
3,3,Full Stack Developer Training in Tambaram Chennai | Best Full Stack ...,http://www.trainingintambaram.in/full-stack-developer-training-in-chennai.html,trainingintambaram.in,-1,0,47
4,4,Full Stack Developer Training in Chennai | Hope Tutors,http://www.hopetutors.com/course/full-stack-developer-training/,hopetutors.com,-1,0,39
5,5,Full Stack Developer Course in Chennai - Crampete,http://www.crampete.com/courses/full-stack-developer-course-in-chennai/,crampete.com,-1,0,1
6,6,Full Stack Development Training in Chennai | No:1 Training Institue,http://bitaacademy.com/course/full-stack-development-training-in-chennai/,bitaacademy.com,-1,0,16
7,7,"FullStack Developer Training in Anna Nagar, Chennai| Best FullStack ...https://www.traininginannanagar.in/full-stack-developer-training-in-chennai.html",http://www.traininginannanagar.in/full-stack-developer-training-in-chennai.html,traininginannanagar.in,-1,0,44
8,8,Which is the best institute for full stack development course in ...,http://www.quora.com/Which-is-the-best-institute-for-full-stack-development-course-in-chennai,quora.com,-1,0,92
9,9,Full Stack Developer Training in Chennai| Best Full Stack ...,http://www.greenstechnologys.com/full-stack-developer-training-in-chennai.html,greenstechnologys.com,-1,0,25
10,10,Full Stack Training in Chennai - Acadgild,http://acadgild.com/web-development/full-stack-web-development-training-certification-chennai,acadgild.com,-1,0,55
11,11,Full Stack Developer Course in Chennai | Full Stack ...,http://www.courseinn.com/full-stack-development-training-in-chennai.php,courseinn.com,NaN,NaN,undefined
12,12,Full Stack Developer Training in Chennai - SLA JOBS,http://www.slajobs.com/full-stack-developer-training-in-chennai/,slajobs.com,NaN,NaN,undefined
13,13,Full Stack Web Development Course | Full Stack Developer Training ...,http://www.zuaneducation.com/full-stack-developer-course,zuaneducation.com,NaN,NaN,undefined
14,14,Full Stack Developer Courses for College Students | NIIT,http://www.niit.com/india/college-students/information-technology/advanced-programme-full-stack-software-engineering,niit.com,NaN,NaN,undefined
15,15,MeAn Stack Training Institution in Chennai | Learn MeAn Stack Courses,http://www.jpasolutions.in/full-mean-stack-training-classes.html,jpasolutions.in,NaN,NaN,undefined
16,16,Java Training Institute in Chennai | Java J2EE Full Stack Developer ...,http://www.jpasolutions.in/java-j2ee-full-stack-developer-training-courses.html,jpasolutions.in,NaN,NaN,undefined
17,17,MEAN Stack Training - CREDO SYSTEMZ,http://www.credosystemz.com/training-in-chennai/mean-stack-training-in-chennai/,credosystemz.com,NaN,NaN,undefined
18,18,Java Full Stack Developer Training in Chennai - Simplilearn,http://www.simplilearn.com/java-full-stack-developer-training-chennai,simplilearn.com,NaN,NaN,undefined
19,19,"FullStack Developer Training in OMR, Chennai | Best FullStack ...",http://www.traininginsholinganallur.in/full-stack-developer-training-in-chennai.html,traininginsholinganallur.in,NaN,NaN,undefined
20,20,Full Stack Web Developer Certification Course & Training | Imarticus,http://imarticus.org/full-stack-development-certification-program/,imarticus.org,NaN,NaN,undefined
